title,slug,location,brand,product,content,featured_image,image_2,image_3
Best Dell Laptop repair service in Mysore ,dell-laptop-repair-service-in-mysore-,Mysore ,Dell,Laptop,"There are several benefits of a laptop. It is becoming increasingly necessary for work, education, and for other general purposes. There is a laptop breakdown or any damage of software and hardware. It can lead to a crisis where several works will remain pending, and desperately you look for a laptop service centre. Calling a service person to your home may be an expensive decision. Furthermore, finding a trusted technician is not easy. You will always be sceptical to handing over your laptop to a stranger. If you ever face such a situation, Local Ram is there to help you out. Now find our verified and experienced technicians for fixing issues with your laptop. On our laptop repair service section, you can book a laptop service for any model or brands. We assure doorstep pick-up and delivery with complete responsibility and warranty against work at nominal price.",http://localhost:4009/wp-content/uploads/2021/04/laptop-computer.jpg,http://localhost:4009/wp-content/uploads/2021/05/laptop-1.jpg,http://localhost:4009/wp-content/uploads/2021/05/laptop-2.jpg
Best HP Laptop repair service in Mysore ,hp-laptop-repair-service-in-mysore-,Mysore ,HP,Laptop,"There are several benefits of a laptop. It is becoming increasingly necessary for work, education, and for other general purposes. There is a laptop breakdown or any damage of software and hardware. It can lead to a crisis where several works will remain pending, and desperately you look for a laptop service centre. Calling a service person to your home may be an expensive decision. Furthermore, finding a trusted technician is not easy. You will always be sceptical to handing over your laptop to a stranger. If you ever face such a situation, Local Ram is there to help you out. Now find our verified and experienced technicians for fixing issues with your laptop. On our laptop repair service section, you can book a laptop service for any model or brands. We assure doorstep pick-up and delivery with complete responsibility and warranty against work at nominal price.",http://localhost:4009/wp-content/uploads/2021/04/laptop-computer.jpg,http://localhost:4009/wp-content/uploads/2021/05/laptop-1.jpg,http://localhost:4009/wp-content/uploads/2021/05/laptop-2.jpg
Best Lenovo Laptop repair service in Mysore ,lenovo-laptop-repair-service-in-mysore-,Mysore ,Lenovo,Laptop,"There are several benefits of a laptop. It is becoming increasingly necessary for work, education, and for other general purposes. There is a laptop breakdown or any damage of software and hardware. It can lead to a crisis where several works will remain pending, and desperately you look for a laptop service centre. Calling a service person to your home may be an expensive decision. Furthermore, finding a trusted technician is not easy. You will always be sceptical to handing over your laptop to a stranger. If you ever face such a situation, Local Ram is there to help you out. Now find our verified and experienced technicians for fixing issues with your laptop. On our laptop repair service section, you can book a laptop service for any model or brands. We assure doorstep pick-up and delivery with complete responsibility and warranty against work at nominal price.",http://localhost:4009/wp-content/uploads/2021/04/laptop-computer.jpg,http://localhost:4009/wp-content/uploads/2021/05/laptop-1.jpg,http://localhost:4009/wp-content/uploads/2021/05/laptop-2.jpg
Best Asus Laptop repair service in Mysore ,asus-laptop-repair-service-in-mysore-,Mysore ,Asus,Laptop,"There are several benefits of a laptop. It is becoming increasingly necessary for work, education, and for other general purposes. There is a laptop breakdown or any damage of software and hardware. It can lead to a crisis where several works will remain pending, and desperately you look for a laptop service centre. Calling a service person to your home may be an expensive decision. Furthermore, finding a trusted technician is not easy. You will always be sceptical to handing over your laptop to a stranger. If you ever face such a situation, Local Ram is there to help you out. Now find our verified and experienced technicians for fixing issues with your laptop. On our laptop repair service section, you can book a laptop service for any model or brands. We assure doorstep pick-up and delivery with complete responsibility and warranty against work at nominal price.",http://localhost:4009/wp-content/uploads/2021/04/laptop-computer.jpg,http://localhost:4009/wp-content/uploads/2021/05/laptop-1.jpg,http://localhost:4009/wp-content/uploads/2021/05/laptop-2.jpg
Best Acer Laptop repair service in Mysore ,acer-laptop-repair-service-in-mysore-,Mysore ,Acer,Laptop,"There are several benefits of a laptop. It is becoming increasingly necessary for work, education, and for other general purposes. There is a laptop breakdown or any damage of software and hardware. It can lead to a crisis where several works will remain pending, and desperately you look for a laptop service centre. Calling a service person to your home may be an expensive decision. Furthermore, finding a trusted technician is not easy. You will always be sceptical to handing over your laptop to a stranger. If you ever face such a situation, Local Ram is there to help you out. Now find our verified and experienced technicians for fixing issues with your laptop. On our laptop repair service section, you can book a laptop service for any model or brands. We assure doorstep pick-up and delivery with complete responsibility and warranty against work at nominal price.",http://localhost:4009/wp-content/uploads/2021/04/laptop-computer.jpg,http://localhost:4009/wp-content/uploads/2021/05/laptop-1.jpg,http://localhost:4009/wp-content/uploads/2021/05/laptop-2.jpg
Best Samsung Laptop repair service in Mysore ,samsung-laptop-repair-service-in-mysore-,Mysore ,Samsung,Laptop,"There are several benefits of a laptop. It is becoming increasingly necessary for work, education, and for other general purposes. There is a laptop breakdown or any damage of software and hardware. It can lead to a crisis where several works will remain pending, and desperately you look for a laptop service centre. Calling a service person to your home may be an expensive decision. Furthermore, finding a trusted technician is not easy. You will always be sceptical to handing over your laptop to a stranger. If you ever face such a situation, Local Ram is there to help you out. Now find our verified and experienced technicians for fixing issues with your laptop. On our laptop repair service section, you can book a laptop service for any model or brands. We assure doorstep pick-up and delivery with complete responsibility and warranty against work at nominal price.",http://localhost:4009/wp-content/uploads/2021/04/laptop-computer.jpg,http://localhost:4009/wp-content/uploads/2021/05/laptop-1.jpg,http://localhost:4009/wp-content/uploads/2021/05/laptop-2.jpg
Best Huawei Laptop repair service in Mysore ,huawei-laptop-repair-service-in-mysore-,Mysore ,Huawei,Laptop,"There are several benefits of a laptop. It is becoming increasingly necessary for work, education, and for other general purposes. There is a laptop breakdown or any damage of software and hardware. It can lead to a crisis where several works will remain pending, and desperately you look for a laptop service centre. Calling a service person to your home may be an expensive decision. Furthermore, finding a trusted technician is not easy. You will always be sceptical to handing over your laptop to a stranger. If you ever face such a situation, Local Ram is there to help you out. Now find our verified and experienced technicians for fixing issues with your laptop. On our laptop repair service section, you can book a laptop service for any model or brands. We assure doorstep pick-up and delivery with complete responsibility and warranty against work at nominal price.",http://localhost:4009/wp-content/uploads/2021/04/laptop-computer.jpg,http://localhost:4009/wp-content/uploads/2021/05/laptop-1.jpg,http://localhost:4009/wp-content/uploads/2021/05/laptop-2.jpg
Best Avita Laptop repair service in Mysore ,avita-laptop-repair-service-in-mysore-,Mysore ,Avita,Laptop,"There are several benefits of a laptop. It is becoming increasingly necessary for work, education, and for other general purposes. There is a laptop breakdown or any damage of software and hardware. It can lead to a crisis where several works will remain pending, and desperately you look for a laptop service centre. Calling a service person to your home may be an expensive decision. Furthermore, finding a trusted technician is not easy. You will always be sceptical to handing over your laptop to a stranger. If you ever face such a situation, Local Ram is there to help you out. Now find our verified and experienced technicians for fixing issues with your laptop. On our laptop repair service section, you can book a laptop service for any model or brands. We assure doorstep pick-up and delivery with complete responsibility and warranty against work at nominal price.",http://localhost:4009/wp-content/uploads/2021/04/laptop-computer.jpg,http://localhost:4009/wp-content/uploads/2021/05/laptop-1.jpg,http://localhost:4009/wp-content/uploads/2021/05/laptop-2.jpg
Best Daikin Air Condition repair service in Mysore ,daikin-air-condition-repair-service-in-mysore-,Mysore ,Daikin,Air Condition,"We provide prompt, professional and honest AC Installation/Uninstallation Service and AC Repairing Services to all varieties of ACs like Window AC, Split AC & Cassette AC to top brands air conditioners Daikin. Our specialty is 24/7 service as per customer required across all localities of Mysore .The Good News is that you can recover most of that lost efficiency through regular maintenance. Studies show that with regular tune-ups a unit will maintain up to 95% of its original efficiency. This means recovered very quickly in savings on your monthly electric bill and reduced repair costs. A properly serviced air conditioner will also do a better job of Dehumidifying your home.",http://localhost:4009/wp-content/uploads/2021/04/ac.jpg,http://localhost:4009/wp-content/uploads/2021/05/ac-1.jpg,http://localhost:4009/wp-content/uploads/2021/05/ac-2.jpg
Best Voltas Air Condition repair service in Mysore ,voltas-air-condition-repair-service-in-mysore-,Mysore ,Voltas,Air Condition,"We provide prompt, professional and honest AC Installation/Uninstallation Service and AC Repairing Services to all varieties of ACs like Window AC, Split AC & Cassette AC to top brands air conditioners Voltas. Our specialty is 24/7 service as per customer required across all localities of Mysore .The Good News is that you can recover most of that lost efficiency through regular maintenance. Studies show that with regular tune-ups a unit will maintain up to 95% of its original efficiency. This means recovered very quickly in savings on your monthly electric bill and reduced repair costs. A properly serviced air conditioner will also do a better job of Dehumidifying your home.",http://localhost:4009/wp-content/uploads/2021/04/ac.jpg,http://localhost:4009/wp-content/uploads/2021/05/ac-1.jpg,http://localhost:4009/wp-content/uploads/2021/05/ac-2.jpg
Best LG Air Condition repair service in Mysore ,lg-air-condition-repair-service-in-mysore-,Mysore ,LG,Air Condition,"We provide prompt, professional and honest AC Installation/Uninstallation Service and AC Repairing Services to all varieties of ACs like Window AC, Split AC & Cassette AC to top brands air conditioners LG. Our specialty is 24/7 service as per customer required across all localities of Mysore .The Good News is that you can recover most of that lost efficiency through regular maintenance. Studies show that with regular tune-ups a unit will maintain up to 95% of its original efficiency. This means recovered very quickly in savings on your monthly electric bill and reduced repair costs. A properly serviced air conditioner will also do a better job of Dehumidifying your home.",http://localhost:4009/wp-content/uploads/2021/04/ac.jpg,http://localhost:4009/wp-content/uploads/2021/05/ac-1.jpg,http://localhost:4009/wp-content/uploads/2021/05/ac-2.jpg
Best Mitsubishi ELectric Air Condition repair service in Mysore ,mitsubishi-electric-air-condition-repair-service-in-mysore-,Mysore ,Mitsubishi ELectric,Air Condition,"We provide prompt, professional and honest AC Installation/Uninstallation Service and AC Repairing Services to all varieties of ACs like Window AC, Split AC & Cassette AC to top brands air conditioners Mitsubishi ELectric. Our specialty is 24/7 service as per customer required across all localities of Mysore .The Good News is that you can recover most of that lost efficiency through regular maintenance. Studies show that with regular tune-ups a unit will maintain up to 95% of its original efficiency. This means recovered very quickly in savings on your monthly electric bill and reduced repair costs. A properly serviced air conditioner will also do a better job of Dehumidifying your home.",http://localhost:4009/wp-content/uploads/2021/04/ac.jpg,http://localhost:4009/wp-content/uploads/2021/05/ac-1.jpg,http://localhost:4009/wp-content/uploads/2021/05/ac-2.jpg
Best Blue Star Air Condition repair service in Mysore ,blue-star-air-condition-repair-service-in-mysore-,Mysore ,Blue Star,Air Condition,"We provide prompt, professional and honest AC Installation/Uninstallation Service and AC Repairing Services to all varieties of ACs like Window AC, Split AC & Cassette AC to top brands air conditioners Blue Star. Our specialty is 24/7 service as per customer required across all localities of Mysore .The Good News is that you can recover most of that lost efficiency through regular maintenance. Studies show that with regular tune-ups a unit will maintain up to 95% of its original efficiency. This means recovered very quickly in savings on your monthly electric bill and reduced repair costs. A properly serviced air conditioner will also do a better job of Dehumidifying your home.",http://localhost:4009/wp-content/uploads/2021/04/ac.jpg,http://localhost:4009/wp-content/uploads/2021/05/ac-1.jpg,http://localhost:4009/wp-content/uploads/2021/05/ac-2.jpg
Best Hitachi Air Condition repair service in Mysore ,hitachi-air-condition-repair-service-in-mysore-,Mysore ,Hitachi,Air Condition,"We provide prompt, professional and honest AC Installation/Uninstallation Service and AC Repairing Services to all varieties of ACs like Window AC, Split AC & Cassette AC to top brands air conditioners Hitachi. Our specialty is 24/7 service as per customer required across all localities of Mysore .The Good News is that you can recover most of that lost efficiency through regular maintenance. Studies show that with regular tune-ups a unit will maintain up to 95% of its original efficiency. This means recovered very quickly in savings on your monthly electric bill and reduced repair costs. A properly serviced air conditioner will also do a better job of Dehumidifying your home.",http://localhost:4009/wp-content/uploads/2021/04/ac.jpg,http://localhost:4009/wp-content/uploads/2021/05/ac-1.jpg,http://localhost:4009/wp-content/uploads/2021/05/ac-2.jpg
Best Panasonic Air Condition repair service in Mysore ,panasonic-air-condition-repair-service-in-mysore-,Mysore ,Panasonic,Air Condition,"We provide prompt, professional and honest AC Installation/Uninstallation Service and AC Repairing Services to all varieties of ACs like Window AC, Split AC & Cassette AC to top brands air conditioners Panasonic. Our specialty is 24/7 service as per customer required across all localities of Mysore .The Good News is that you can recover most of that lost efficiency through regular maintenance. Studies show that with regular tune-ups a unit will maintain up to 95% of its original efficiency. This means recovered very quickly in savings on your monthly electric bill and reduced repair costs. A properly serviced air conditioner will also do a better job of Dehumidifying your home.",http://localhost:4009/wp-content/uploads/2021/04/ac.jpg,http://localhost:4009/wp-content/uploads/2021/05/ac-1.jpg,http://localhost:4009/wp-content/uploads/2021/05/ac-2.jpg
Best Godrej Air Condition repair service in Mysore ,godrej-air-condition-repair-service-in-mysore-,Mysore ,Godrej,Air Condition,"We provide prompt, professional and honest AC Installation/Uninstallation Service and AC Repairing Services to all varieties of ACs like Window AC, Split AC & Cassette AC to top brands air conditioners Godrej. Our specialty is 24/7 service as per customer required across all localities of Mysore .The Good News is that you can recover most of that lost efficiency through regular maintenance. Studies show that with regular tune-ups a unit will maintain up to 95% of its original efficiency. This means recovered very quickly in savings on your monthly electric bill and reduced repair costs. A properly serviced air conditioner will also do a better job of Dehumidifying your home.",http://localhost:4009/wp-content/uploads/2021/04/ac.jpg,http://localhost:4009/wp-content/uploads/2021/05/ac-1.jpg,http://localhost:4009/wp-content/uploads/2021/05/ac-2.jpg
Best Samsung Washing Machine repair service in Mysore ,samsung-washing-machine-repair-service-in-mysore-,Mysore ,Samsung,Washing Machine,"If you are looking for washing machine maintenance services in Mysore , Washer Repair, or are interested in a to repair any brand washing machine, Our Service help You. If you are in Mysore  and need to repair your washing machine near you, then you are at right place.  quick and easy local repair and maintenance _LOACTION_ based Company, top-load and portable washing machines.
Washing machine is another one of the appliances that are mandatory for every household to have. Now there is an array of washing machines in the market and if any of them goes wrong, we can fix it. Be it an automatic or semi- automatic one- a top loading or a front loading one, these are gadgets and are likely to go wrong every once in a while. So we make sure of the fact that our team is knowledgeable about every one of them so that they can be repaired. No wonder we are the reputed washing machine repair services in Mysore .Having your washing machine repaired can be a lot cheaper than buying a new one. Our fixed price repair means that youâ€™ll pay one charge that includes the call out to your home, the cost of any parts and all labor charges. All work is done on a â€œno fix, no feeâ€ basis.We will give you an honest and fair price for our repair work and our engineers carry spare parts on the van, so we can fix your washing machine in one visit",http://localhost:4009/wp-content/uploads/2021/04/washing-machine.jpg,http://localhost:4009/wp-content/uploads/2021/05/washing-machine-1.jpg,http://localhost:4009/wp-content/uploads/2021/05/washing-machine-2.jpg
Best Whirlpool Washing Machine repair service in Mysore ,whirlpool-washing-machine-repair-service-in-mysore-,Mysore ,Whirlpool,Washing Machine,"If you are looking for washing machine maintenance services in Mysore , Washer Repair, or are interested in a to repair any brand washing machine, Our Service help You. If you are in Mysore  and need to repair your washing machine near you, then you are at right place.  quick and easy local repair and maintenance _LOACTION_ based Company, top-load and portable washing machines.
Washing machine is another one of the appliances that are mandatory for every household to have. Now there is an array of washing machines in the market and if any of them goes wrong, we can fix it. Be it an automatic or semi- automatic one- a top loading or a front loading one, these are gadgets and are likely to go wrong every once in a while. So we make sure of the fact that our team is knowledgeable about every one of them so that they can be repaired. No wonder we are the reputed washing machine repair services in Mysore .Having your washing machine repaired can be a lot cheaper than buying a new one. Our fixed price repair means that youâ€™ll pay one charge that includes the call out to your home, the cost of any parts and all labor charges. All work is done on a â€œno fix, no feeâ€ basis.We will give you an honest and fair price for our repair work and our engineers carry spare parts on the van, so we can fix your washing machine in one visit",http://localhost:4009/wp-content/uploads/2021/04/washing-machine.jpg,http://localhost:4009/wp-content/uploads/2021/05/washing-machine-1.jpg,http://localhost:4009/wp-content/uploads/2021/05/washing-machine-2.jpg
Best Onida Washing Machine repair service in Mysore ,onida-washing-machine-repair-service-in-mysore-,Mysore ,Onida,Washing Machine,"If you are looking for washing machine maintenance services in Mysore , Washer Repair, or are interested in a to repair any brand washing machine, Our Service help You. If you are in Mysore  and need to repair your washing machine near you, then you are at right place.  quick and easy local repair and maintenance _LOACTION_ based Company, top-load and portable washing machines.
Washing machine is another one of the appliances that are mandatory for every household to have. Now there is an array of washing machines in the market and if any of them goes wrong, we can fix it. Be it an automatic or semi- automatic one- a top loading or a front loading one, these are gadgets and are likely to go wrong every once in a while. So we make sure of the fact that our team is knowledgeable about every one of them so that they can be repaired. No wonder we are the reputed washing machine repair services in Mysore .Having your washing machine repaired can be a lot cheaper than buying a new one. Our fixed price repair means that youâ€™ll pay one charge that includes the call out to your home, the cost of any parts and all labor charges. All work is done on a â€œno fix, no feeâ€ basis.We will give you an honest and fair price for our repair work and our engineers carry spare parts on the van, so we can fix your washing machine in one visit",http://localhost:4009/wp-content/uploads/2021/04/washing-machine.jpg,http://localhost:4009/wp-content/uploads/2021/05/washing-machine-1.jpg,http://localhost:4009/wp-content/uploads/2021/05/washing-machine-2.jpg
Best Godrej Washing Machine repair service in Mysore ,godrej-washing-machine-repair-service-in-mysore-,Mysore ,Godrej,Washing Machine,"If you are looking for washing machine maintenance services in Mysore , Washer Repair, or are interested in a to repair any brand washing machine, Our Service help You. If you are in Mysore  and need to repair your washing machine near you, then you are at right place.  quick and easy local repair and maintenance _LOACTION_ based Company, top-load and portable washing machines.
Washing machine is another one of the appliances that are mandatory for every household to have. Now there is an array of washing machines in the market and if any of them goes wrong, we can fix it. Be it an automatic or semi- automatic one- a top loading or a front loading one, these are gadgets and are likely to go wrong every once in a while. So we make sure of the fact that our team is knowledgeable about every one of them so that they can be repaired. No wonder we are the reputed washing machine repair services in Mysore .Having your washing machine repaired can be a lot cheaper than buying a new one. Our fixed price repair means that youâ€™ll pay one charge that includes the call out to your home, the cost of any parts and all labor charges. All work is done on a â€œno fix, no feeâ€ basis.We will give you an honest and fair price for our repair work and our engineers carry spare parts on the van, so we can fix your washing machine in one visit",http://localhost:4009/wp-content/uploads/2021/04/washing-machine.jpg,http://localhost:4009/wp-content/uploads/2021/05/washing-machine-1.jpg,http://localhost:4009/wp-content/uploads/2021/05/washing-machine-2.jpg
Best IFB Washing Machine repair service in Mysore ,ifb-washing-machine-repair-service-in-mysore-,Mysore ,IFB,Washing Machine,"If you are looking for washing machine maintenance services in Mysore , Washer Repair, or are interested in a to repair any brand washing machine, Our Service help You. If you are in Mysore  and need to repair your washing machine near you, then you are at right place.  quick and easy local repair and maintenance _LOACTION_ based Company, top-load and portable washing machines.
Washing machine is another one of the appliances that are mandatory for every household to have. Now there is an array of washing machines in the market and if any of them goes wrong, we can fix it. Be it an automatic or semi- automatic one- a top loading or a front loading one, these are gadgets and are likely to go wrong every once in a while. So we make sure of the fact that our team is knowledgeable about every one of them so that they can be repaired. No wonder we are the reputed washing machine repair services in Mysore .Having your washing machine repaired can be a lot cheaper than buying a new one. Our fixed price repair means that youâ€™ll pay one charge that includes the call out to your home, the cost of any parts and all labor charges. All work is done on a â€œno fix, no feeâ€ basis.We will give you an honest and fair price for our repair work and our engineers carry spare parts on the van, so we can fix your washing machine in one visit",http://localhost:4009/wp-content/uploads/2021/04/washing-machine.jpg,http://localhost:4009/wp-content/uploads/2021/05/washing-machine-1.jpg,http://localhost:4009/wp-content/uploads/2021/05/washing-machine-2.jpg
Best Haier Washing Machine repair service in Mysore ,haier-washing-machine-repair-service-in-mysore-,Mysore ,Haier,Washing Machine,"If you are looking for washing machine maintenance services in Mysore , Washer Repair, or are interested in a to repair any brand washing machine, Our Service help You. If you are in Mysore  and need to repair your washing machine near you, then you are at right place.  quick and easy local repair and maintenance _LOACTION_ based Company, top-load and portable washing machines.
Washing machine is another one of the appliances that are mandatory for every household to have. Now there is an array of washing machines in the market and if any of them goes wrong, we can fix it. Be it an automatic or semi- automatic one- a top loading or a front loading one, these are gadgets and are likely to go wrong every once in a while. So we make sure of the fact that our team is knowledgeable about every one of them so that they can be repaired. No wonder we are the reputed washing machine repair services in Mysore .Having your washing machine repaired can be a lot cheaper than buying a new one. Our fixed price repair means that youâ€™ll pay one charge that includes the call out to your home, the cost of any parts and all labor charges. All work is done on a â€œno fix, no feeâ€ basis.We will give you an honest and fair price for our repair work and our engineers carry spare parts on the van, so we can fix your washing machine in one visit",http://localhost:4009/wp-content/uploads/2021/04/washing-machine.jpg,http://localhost:4009/wp-content/uploads/2021/05/washing-machine-1.jpg,http://localhost:4009/wp-content/uploads/2021/05/washing-machine-2.jpg
Best Bosch Washing Machine repair service in Mysore ,bosch-washing-machine-repair-service-in-mysore-,Mysore ,Bosch,Washing Machine,"If you are looking for washing machine maintenance services in Mysore , Washer Repair, or are interested in a to repair any brand washing machine, Our Service help You. If you are in Mysore  and need to repair your washing machine near you, then you are at right place.  quick and easy local repair and maintenance _LOACTION_ based Company, top-load and portable washing machines.
Washing machine is another one of the appliances that are mandatory for every household to have. Now there is an array of washing machines in the market and if any of them goes wrong, we can fix it. Be it an automatic or semi- automatic one- a top loading or a front loading one, these are gadgets and are likely to go wrong every once in a while. So we make sure of the fact that our team is knowledgeable about every one of them so that they can be repaired. No wonder we are the reputed washing machine repair services in Mysore .Having your washing machine repaired can be a lot cheaper than buying a new one. Our fixed price repair means that youâ€™ll pay one charge that includes the call out to your home, the cost of any parts and all labor charges. All work is done on a â€œno fix, no feeâ€ basis.We will give you an honest and fair price for our repair work and our engineers carry spare parts on the van, so we can fix your washing machine in one visit",http://localhost:4009/wp-content/uploads/2021/04/washing-machine.jpg,http://localhost:4009/wp-content/uploads/2021/05/washing-machine-1.jpg,http://localhost:4009/wp-content/uploads/2021/05/washing-machine-2.jpg
Best Haier Washing Machine repair service in Mysore ,haier-washing-machine-repair-service-in-mysore-,Mysore ,Haier,Washing Machine,"If you are looking for washing machine maintenance services in Mysore , Washer Repair, or are interested in a to repair any brand washing machine, Our Service help You. If you are in Mysore  and need to repair your washing machine near you, then you are at right place.  quick and easy local repair and maintenance _LOACTION_ based Company, top-load and portable washing machines.
Washing machine is another one of the appliances that are mandatory for every household to have. Now there is an array of washing machines in the market and if any of them goes wrong, we can fix it. Be it an automatic or semi- automatic one- a top loading or a front loading one, these are gadgets and are likely to go wrong every once in a while. So we make sure of the fact that our team is knowledgeable about every one of them so that they can be repaired. No wonder we are the reputed washing machine repair services in Mysore .Having your washing machine repaired can be a lot cheaper than buying a new one. Our fixed price repair means that youâ€™ll pay one charge that includes the call out to your home, the cost of any parts and all labor charges. All work is done on a â€œno fix, no feeâ€ basis.We will give you an honest and fair price for our repair work and our engineers carry spare parts on the van, so we can fix your washing machine in one visit",http://localhost:4009/wp-content/uploads/2021/04/washing-machine.jpg,http://localhost:4009/wp-content/uploads/2021/05/washing-machine-1.jpg,http://localhost:4009/wp-content/uploads/2021/05/washing-machine-2.jpg
Best LG Washing Machine repair service in Mysore ,lg-washing-machine-repair-service-in-mysore-,Mysore ,LG,Washing Machine,"If you are looking for washing machine maintenance services in Mysore , Washer Repair, or are interested in a to repair any brand washing machine, Our Service help You. If you are in Mysore  and need to repair your washing machine near you, then you are at right place.  quick and easy local repair and maintenance _LOACTION_ based Company, top-load and portable washing machines.
Washing machine is another one of the appliances that are mandatory for every household to have. Now there is an array of washing machines in the market and if any of them goes wrong, we can fix it. Be it an automatic or semi- automatic one- a top loading or a front loading one, these are gadgets and are likely to go wrong every once in a while. So we make sure of the fact that our team is knowledgeable about every one of them so that they can be repaired. No wonder we are the reputed washing machine repair services in Mysore .Having your washing machine repaired can be a lot cheaper than buying a new one. Our fixed price repair means that youâ€™ll pay one charge that includes the call out to your home, the cost of any parts and all labor charges. All work is done on a â€œno fix, no feeâ€ basis.We will give you an honest and fair price for our repair work and our engineers carry spare parts on the van, so we can fix your washing machine in one visit",http://localhost:4009/wp-content/uploads/2021/04/washing-machine.jpg,http://localhost:4009/wp-content/uploads/2021/05/washing-machine-1.jpg,http://localhost:4009/wp-content/uploads/2021/05/washing-machine-2.jpg
Best LG Refrigerator repair service in Mysore ,lg-refrigerator-repair-service-in-mysore-,Mysore ,LG,Refrigerator,"Our Customers Care team are the fridge repair specialists â€“ we understand how frustrating and urgent Refrigerator Repair in Mysore is. Therefore, if you are experiencing problems with your refrigerator as frost buildup, leaking water, or stops working altogether, it is important that you seek the service of a professional refrigerator repair company in Mysore. Our highly trained, local refrigerator specialist in Customers Care Mysore  is available 24/7 to provide the professional repair service at your home. well-trained technicians same day service.",http://localhost:4009/wp-content/uploads/2021/04/fridge.jpg,http://localhost:4009/wp-content/uploads/2021/05/refrigerator-1.png,http://localhost:4009/wp-content/uploads/2021/05/refrigerator-2.jpeg
